feature,treated_mean,control_mean,smd,balanced_flag
age_band_score,3.035422343324251,2.9863760217983653,0.034592828214984,True
newcomer_density_score,0.34184632152588557,0.33741307901907364,0.025678315409872508,True
unique_stations_pre,16.6866485013624,16.626702997275203,0.017317770759779232,True
recency_days_pre,3.32425068119891,3.2724795640326976,0.01253964082131686,True
distance_to_station_km,3.572343324250682,3.545395095367847,0.011752632108274022,True
total_trips_pre,28.422343324250683,28.5149863760218,-0.010138304626798815,True
active_weeks_pre,11.501362397820163,11.517711171662125,-0.009368029886642523,True
avg_trips_per_active_week,2.4347352995173157,2.4400557662138045,-0.008888466335487644,True
